{
  "timestamp": "2026-02-17T17:23:55.329699",
  "window_days": 7,
  "data_drift": {
    "features": {
      "age": {
        "psi": 0.00022496148381709514,
        "ks_statistic": 0.0038908633399431514,
        "ks_pvalue": 0.9983130574381444,
        "mean_baseline": 3.0,
        "mean_production": 3.0105063037822695,
        "mean_change_pct": 0.3502101260639752
      },
      "gender_encoded": {
        "psi": 4.936935407010483e-05,
        "ks_statistic": 0.0004287887017684344,
        "ks_pvalue": 1.0,
        "mean_baseline": 1.4512900608348713,
        "mean_production": 1.45037022213328,
        "mean_change_pct": 0.0633807621474975
      },
      "category_encoded": {
        "psi": 1.6675517795304906e-05,
        "ks_statistic": 0.002475456189011349,
        "ks_pvalue": 0.9999999843706494,
        "mean_baseline": 11.063420458510786,
        "mean_production": 11.062437462477487,
        "mean_change_pct": 0.008885100561589082
      },
      "amount": {
        "psi": 0.00041153513444185466,
        "ks_statistic": 0.004894608652081273,
        "ks_pvalue": 0.9722457136983073,
        "mean_baseline": 37.9574811336223,
        "mean_production": 38.589892935761455,
        "mean_change_pct": 1.6661058195911305
      },
      "qtd_transacoes": {
        "psi": 0.0,
        "ks_statistic": 0.07127980442141357,
        "ks_pvalue": 1.0880888202705027e-43,
        "mean_baseline": 1.082230079417465,
        "mean_production": 1.0022013207924756,
        "mean_change_pct": 7.3948008043420845
      },
      "alert_freq": {
        "psi": 0.0,
        "ks_statistic": 0.001685886898430522,
        "ks_pvalue": 1.0,
        "mean_baseline": 0.0016858868984305697,
        "mean_production": 0.0,
        "mean_change_pct": 99.99999406840433
      },
      "alert_valor": {
        "psi": 0.0,
        "ks_statistic": 0.01705226249385139,
        "ks_pvalue": 0.0066658147672314485,
        "mean_baseline": 0.017052262493851347,
        "mean_production": 0.0,
        "mean_change_pct": 99.99999941356755
      },
      "valor_relativo_cliente": {
        "psi": 0.11015751838400209,
        "ks_statistic": 0.12806256930478516,
        "ks_pvalue": 2.1156958071779815e-140,
        "mean_baseline": 1.0012465433729147,
        "mean_production": 0.999917255029559,
        "mean_change_pct": 0.13276333906182733
      },
      "amount_media_5steps": {
        "psi": 0.17127311563492467,
        "ks_statistic": 0.12929638450866715,
        "ks_pvalue": 4.0311494736563126e-143,
        "mean_baseline": 38.25514796109987,
        "mean_production": 38.69281755720099,
        "mean_change_pct": 1.1440802595902155
      },
      "primeira_tx_merchant": {
        "psi": 0.0,
        "ks_statistic": 0.3213928049922863,
        "ks_pvalue": 0.0,
        "mean_baseline": 0.036521943857023335,
        "mean_production": 0.35791474884930957,
        "mean_change_pct": 879.9991735666658
      },
      "mesma_localizacao": {
        "psi": 0.0,
        "ks_statistic": 0.0,
        "ks_pvalue": 1.0,
        "mean_baseline": 1.0,
        "mean_production": 1.0,
        "mean_change_pct": 0.0
      },
      "num_zipcodes_cliente": {
        "psi": 0.0,
        "ks_statistic": 0.0,
        "ks_pvalue": 1.0,
        "mean_baseline": 1.0,
        "mean_production": 1.0,
        "mean_change_pct": 0.0
      }
    },
    "alertas": []
  },
  "prediction_drift": {
    "mean_proba_baseline": 0.01208507561796334,
    "mean_proba_production": 0.09207884211325364,
    "mean_proba_change_pct": 661.9219359818239,
    "fraud_rate_baseline": 0.009980786775247313,
    "fraud_rate_production": 0.007904742845707425,
    "fraud_rate_change_pct": 20.800403369884055,
    "diagnostico": {
      "distribuicao": {
        "p10": 0.0588880016877938,
        "p25": 0.06679063237858335,
        "p50": 0.0783449648488401,
        "p75": 0.09592421896354385,
        "p90": 0.12712355464771727,
        "p95": 0.14992455435457241,
        "p99": 0.3662366271167822
      },
      "faixas_risco": {
        "Baixo risco (< 0.1)": 