{
  "created_at": "2026-02-18T07:32:06.492273",
  "model_version": "v2",
  "features": {
    "age": {
      "mean": 3.0,
      "std": 1.33617131170723,
      "q25": 2.0,
      "q75": 4.0
    },
    "gender_encoded": {
      "mean": 1.4512900608348713,
      "std": 0.5033094179960683,
      "q25": 1.0,
      "q75": 2.0
    },
    "category_encoded": {
      "mean": 11.063420458510786,
      "std": 2.8201709004953375,
      "q25": 12.0,
      "q75": 12.0
    },
    "amount": {
      "mean": 37.9574811336223,
      "std": 112.54276332653589,
      "q25": 13.75,
      "q75": 42.56
    },
    "qtd_transacoes": {
      "mean": 1.082230079417465,
      "std": 0.3112631140963986,
      "q25": 1.0,
      "q75": 1.0
    },
    "alert_freq": {
      "mean": 0.0016858868984305697,
      "std": 0.041024970709771395,
      "q25": 0.0,
      "q75": 0.0
    },
    "alert_valor": {
      "mean": 0.017052262493851347,
      "std": 0.12946628160310958,
      "q25": 0.0,
      "q75": 0.0
    },
    "valor_relativo_cliente": {
      "mean": 1.0012465433729147,
      "std": 1.4836645120804424,
      "q25": 0.3872703035261025,
      "q75": 1.272447950022927
    },
    "amount_media_5steps": {
      "mean": 38.255147961099865,
      "std": 64.04699499546099,
      "q25": 23.106,
      "q75": 37.532
    },
    "primeira_tx_merchant": {
      "mean": 0.036521943857023335,
      "std": 0.18758508854141034,
      "q25": 0.0,
      "q75": 0.0
    },
    "mesma_localizacao": {
      "mean": 1.0,
      "std": 0.0,
      "q25": 1.0,
      "q75": 1.0
    },
    "num_zipcodes_cliente": {
      "mean": 1.0,
      "std": 0.0,
      "q25": 1.0,
      "q75": 1.0
    }
  },
  "target": {
    "fraud_rate": 0.012108115380249477
  },
  "predictions": {
    "mean_proba": 0.012085322713881689,
    "std_proba": 0.09003662176070303,
    "fraud_pred_rate": 0.009678083890741075,
    "q10": 1.6656557657760257e-06,
    "q50": 5.187728842282788e-06,
    "q90": 0.001968576403418222
  }
}