step,customer,merchant,category,amount,gender,age,zipcodeOri,zipMerchant,fraud_proba,fraud_pred,model_version
1,C123,M001,food,23.5,M,35,28001,28001,0.14298170429717216,0,v1
1,C123,M002,electronics,899.9,M,35,28001,28099,0.1427640371057171,0,v1
2,C456,M010,travel,1200.0,F,52,10010,10010,0.056738002032139946,0,v1
2,C456,M010,travel,50.0,F,52,10010,10010,0.07601017303440483,0,v1
3,C789,M050,fashion,199.0,F,22,90210,90210,0.10346417322649143,0,v1
